Date,Close,Open,High,Low,Volume
2023-01-01,100.63605698361349,100.21462901037368,100.86333920671863,100.10409156325832,145852.07096486446
2023-01-02,101.45328322933432,101.67106396412613,102.22133921181828,99.81398058698664,195690.89569224077
2023-01-03,101.21229917966632,101.69233055422762,102.2229589474184,100.99987479122858,142975.89129152457
2023-01-04,103.1473545582752,103.44398708645926,104.14250385429318,102.52596110529721,173023.04187458727
2023-01-05,102.62398529515326,103.03285882739888,103.76814987327145,102.56520376621637,166276.80130757895
2023-01-06,102.10788406377831,101.79878508312356,103.11426322057291,100.71386677059213,136028.1073928923
2023-01-07,102.43823878965756,101.85564766728402,102.99178680090621,101.80639042928536,92601.59266026606
2023-01-08,100.40833739064193,101.01132305408781,101.3982319322843,99.90646274882204,133131.37412277082
2023-01-09,99.23294004624063,99.10485816983282,99.42859871125314,98.56054042925622,159427.41997785823
2023-01-10,98.18331115561519,98.08480069120436,98.53864879100186,97.76139140137141,107630.88895994125
2023-01-11,99.98208967832106,100.51327218152335,100.84141625427704,99.91204267673459,143226.71098540392
2023-01-12,100.10312352394658,100.32584496930161,100.42383898444187,99.72139557331828,107257.5544135963
2023-01-13,99.48986425451636,99.67128910475513,99.69575990651991,98.45187574478834,153327.67769129598
2023-01-14,98.14867196160961,98.99864038139286,99.59393155457077,97.95949465637912,161270.94055037017
2023-01-15,97.46790553370705,97.2170160373554,97.90114511760592,96.1480816724437,141249.1875062017
2023-01-16,96.78585759903179,97.14506480907633,97.444201800131,96.31306733995751,205568.34553526813
2023-01-17,96.80966092934626,96.8317386145055,96.9645529780025,96.52964863083432,118268.672131323
2023-01-18,97.8367148238701,97.94182756863425,98.52615793857957,97.62026098518882,113374.69050086933
2023-01-19,98.1273511378758,98.72728936980276,100.24512290936599,97.89549742332052,91209.89628360674
2023-01-20,96.5735278791977,96.76970184147005,96.88061603925162,95.4565550296973,155905.83707607372
2023-01-21,97.4996877751922,97.709622573744,99.12403702731234,97.3365415120599,155141.0484356991
2023-01-22,97.40090983632632,97.81876259816676,98.27925672159516,96.90699490423366,140966.88913232135
2023-01-23,95.66668344788542,95.52702817888294,95.67773890779223,95.49900216314136,128404.67374815873
2023-01-24,95.15391692273369,94.83450057486677,95.30400747546709,94.03493771085982,181713.66678656748
2023-01-25,95.60625887021584,95.20669767712161,95.61914614999947,95.17676214902322,97108.79533911799
2023-01-26,96.0351596334896,95.27980215766125,96.3504156628759,94.30560113899364,138447.53158751052
2023-01-27,95.26285323312246,96.04637386526807,96.72685060001238,94.55015845815498,168350.28866522602
2023-01-28,96.54005266011761,96.1140374852302,97.18551271061949,96.07828075114755,177938.40357348596
2023-01-29,95.57299163225045,95.48840814938818,95.98321842709765,94.9432938879812,140723.62872446358
2023-01-30,96.01050774993473,95.90419980803765,96.42422800703856,95.69330243296308,179266.35381367078
2023-01-31,95.47549866452039,95.59289789558494,95.84438889476331,94.49943072804486,144430.2307000855
2023-02-01,94.18789669571316,94.49522698493517,94.50634906806404,93.66545565378128,114113.80127757989
2023-02-02,95.2029276825862,95.5306060637266,95.91627911373878,94.31017816416093,190687.2008571247
2023-02-03,95.15651553668981,94.93458106732069,95.49440536156298,94.77851255668783,180105.98693676072
2023-02-04,95.63047876674698,95.56655104874012,95.83362126288823,95.4269948438038,130646.40736184627
2023-02-05,96.10415349335707,96.21278192110057,96.54390885481229,95.93125931712923,196141.09699397907
2023-02-06,96.10116224642513,96.00556422135868,96.15989329656588,94.90871797553974,196939.3096744202
2023-02-07,92.99746812151744,93.59538439738216,94.46527121649306,92.09020774712776,174657.07513125672
2023-02-08,93.14192460340325,93.32484601111385,94.01868287327393,91.90195583611117,141029.77948602397
2023-02-09,93.29203753524587,93.56627051924578,94.3901357153011,93.2030116248152,90372.93256197323
2023-02-10,93.06843126984086,93.31520454901302,93.40745269862293,92.90335142536502,160713.3771453524
2023-02-11,94.88190412353069,95.32726985968026,95.35637577380446,94.01849252574782,134451.8934517906
2023-02-12,93.95171180005887,94.01974094131059,94.11752617158123,93.11914869475737,134947.28869246392
2023-02-13,95.09019434130137,94.59693033346485,95.22937968329717,93.93412016832802,159862.53328979053
2023-02-14,94.49448209678093,94.64555532078569,94.77230592881826,94.371577529007,165398.0229934007
2023-02-15,94.65097515599858,94.40436889531067,95.49707731987633,93.78282797966021,179059.34971598667
2023-02-16,93.84851144334576,93.65007188852042,94.74996617540828,93.31918736457935,140170.13560206696
2023-02-17,93.41798165958717,93.6370894321868,94.10255773220868,92.9486894610188,106094.55155603644
2023-02-18,93.81332599206466,94.2779958058681,94.33640371693372,93.47116519211092,157831.6581653967
2023-02-19,93.85946214003562,93.86744829504087,94.7928999396609,93.55585153836535,142962.3859987456
2023-02-20,92.20101724957513,92.31491612126264,92.41232002883083,91.8977116058654,137380.64031703922
2023-02-21,91.82975982974301,92.45501578792083,93.37668329034209,91.37061071188242,125931.68192335143
2023-02-22,91.67621697574381,91.76450233862539,91.77600216784988,91.06847912887245,162121.52570443615
2023-02-23,93.97964005719646,94.9576610276507,95.08910193807473,93.85528163362568,155237.33438495517
2023-02-24,94.32870052606378,94.54207568609331,95.25690724172868,93.63936950127892,147766.622527015
2023-02-25,92.06617506770495,91.41774829795641,92.40665129149019,91.13625676148534,149204.5837365235
2023-02-26,92.17845131963419,92.45621877542634,92.66435420716421,91.78139141050085,223897.2633745586
2023-02-27,91.98761816189685,92.12786556976806,92.30348805210872,91.86038569470888,159046.42027000838
2023-02-28,91.98596403825056,92.4605206400717,93.1715293554387,91.33485507470284,114939.65887141404
2023-03-01,93.3973514156686,93.64884483659274,93.96220757826835,93.28857658394492,172557.9909806032
2023-03-02,94.38658975212026,94.33431619948425,95.01603010936914,94.03364577606105,122718.37635615782
2023-03-03,96.10994292524359,95.6392739907906,96.252092286359,95.36160832106629,107944.46811623158
2023-03-04,96.85417143780391,96.77319234022124,97.14370056566162,96.13315835883382,215713.66877429935
2023-03-05,95.70552784764709,95.3799298115858,96.36023924098707,94.99000167789077,133011.06811191683
2023-03-06,95.86510948575227,95.64250170945397,96.77422172153965,95.40802035870179,134895.73037651402
2023-03-07,94.04431336847291,94.2657231761019,94.839854704609,93.87062755056938,152056.8892441808
2023-03-08,92.80954891200159,93.42948124710148,93.88402922692767,92.3425762939342,164207.77291905545
2023-03-09,91.74623983092103,91.89107834623933,92.58443945959945,91.25814198762511,196498.03215052618
2023-03-10,90.84633588011755,90.41176950280958,90.97389496045585,90.1216468123707,140338.15451382974
2023-03-11,91.86255654096117,92.02592589195172,92.28342825918706,91.18517279557533,113074.07050698134
2023-03-12,92.17550846248612,92.61670892538126,93.16537096659074,91.82304346870936,189214.28262847284
2023-03-13,90.28652858101266,90.06630785453649,90.3276727066138,89.81859666678552,155539.01575596913
2023-03-14,90.63838793411078,90.58979953433986,90.812330717466,89.45541937891238,173454.68615331932
2023-03-15,89.1940470810571,89.19928747918594,89.2805077078531,88.88118055270114,110386.30160747172
2023-03-16,89.86037695979738,89.57825192664266,90.31065449553202,89.56155869716297,158909.54019699557
2023-03-17,90.20096838021243,90.43487047187106,91.56867345372562,89.70864242942534,160393.44628490927
2023-03-18,89.42493871431824,89.38167559121081,90.28752864725884,88.87943653732755,156967.61091483012
2023-03-19,89.81662568227667,89.96734963618054,90.06707335770156,89.45675944350681,128569.45745920896
2023-03-20,92.09555509565038,91.76861875661946,93.21374592398016,91.60773401808403,164214.98762735364
2023-03-21,90.7059908990072,90.54727054457588,90.70969161883984,90.44549775671292,169696.6082590149
2023-03-22,89.57637289473442,89.83520610225835,89.93763927751935,88.37341708124866,173612.53811227356
2023-03-23,91.0066875895433,90.87096634876154,91.20186713308743,89.71470591552605,125379.53044944868
2023-03-24,92.2027389446365,92.83966213320488,92.94014714992367,91.86701115522517,162383.42780809494
2023-03-25,93.22921113662989,93.08018007132388,93.99714861845518,92.82457077224731,206903.78947961843
2023-03-26,92.97474539742645,93.05830541811233,94.29329814583546,91.442054018043,127387.91506927532
2023-03-27,91.94732808187582,92.29032502261336,93.13945159077296,91.67163495512166,125525.69145103685
2023-03-28,91.8948060305789,91.37344425494571,92.67993162850047,91.08493377985504,160234.5592444993
2023-03-29,92.26683498977494,91.61697796536065,92.41445398854161,90.85380609555304,174815.49747108071
2023-03-30,92.32243726002844,91.75902802249938,92.5602106064019,91.54705265923798,193606.0223147195
2023-03-31,92.0448490601429,92.50970651304566,92.83638785456836,91.83333608038984,231605.07499768859
2023-04-01,92.83564987746091,92.63072143900452,93.72582735421365,92.55221293423624,124285.27330751152
2023-04-02,91.59057887978759,92.52780669364444,92.78438963228234,90.41973997642312,164474.17245729556
2023-04-03,91.36242353739657,91.15621942504258,92.47209853643793,90.73605823142348,171420.01482276275
2023-04-04,91.97030868688482,92.03820164817922,92.79098615167683,91.85144818830348,147815.13262029382
2023-04-05,90.99415622520274,91.55544820096435,91.65966000017669,90.71665936918522,104554.58325942406
2023-04-06,90.49833828272233,91.22453057399908,91.58686465450616,88.36643035390959,175691.96382970418
2023-04-07,90.79525077567858,91.54394971254123,91.77787409446293,89.65988543375892,112627.83663864035
2023-04-08,91.0430678867,91.48312136175554,91.49363155242632,90.10093784169102,161559.5213918651
2023-04-09,90.02243896325865,90.39119338815634,90.73910199166471,89.8671786026365,154611.75317836585
2023-04-10,90.13228942539385,90.34591266730484,90.61037626835541,89.97690375356225,115710.8910650813
2023-04-11,90.6016342578118,90.88371739998526,91.86763258219159,90.57689335499359,166823.53579104703
2023-04-12,91.94129574962213,91.73858883379042,92.04660740147168,91.50507577844267,181614.0615610471
2023-04-13,90.32809250807362,90.03246713034653,90.71817867996431,89.72464634405786,121865.24880254632
2023-04-14,90.98613482872402,90.98490671337616,91.69215427501526,90.80502478397204,165413.57852736628
2023-04-15,91.64419205229129,91.5818063233672,92.17010308630873,90.74813327748224,265581.94471964164
2023-04-16,92.3692606651231,92.20180330580688,92.63107557685133,91.7865747891912,184066.96920541796
2023-04-17,93.55406278131494,93.81466228123287,94.65005334525247,93.32044271641173,169541.73753917395
2023-04-18,97.9628052123363,93.57193761432437,98.746507654035,92.583698191724,380091.96855255566
2023-04-19,96.88514075232906,96.67781427158735,97.74162197916525,96.2508577383598,100026.8092584598
2023-04-20,96.06517101853275,96.06636440841287,96.21947464295157,95.74685044586847,106719.35692711276
2023-04-21,94.63165360550538,94.5779625021747,95.14951529200334,94.1358139215044,65787.43095557329
2023-04-22,93.01487423652655,92.91787812256193,93.44002659252136,92.2739408645742,71132.96670501732
2023-04-23,92.60216938061302,92.65097938043448,93.6033969954483,92.09907599267866,127867.96253631468
2023-04-24,91.53764657040833,91.59965387356988,92.04104492050493,91.30913246099266,82367.35966348457
2023-04-25,94.23946901421948,94.20830187849329,94.50524814873444,93.82081875851735,170387.93246804026
2023-04-26,93.40302905615893,93.35754271190677,93.55203204821646,92.32205324323431,156493.75768745923
2023-04-27,93.4977152640435,94.06373163668388,94.31020856499208,93.399226297322,130451.98957182548
2023-04-28,96.1104481712339,96.35295854609073,96.39119098454424,95.72485989349111,169017.57066954032
2023-04-29,93.72027706724478,93.33632877546576,94.90099611431367,93.28140919079011,155593.62944308284
2023-04-30,92.96613330952272,93.65560457628278,93.79441662437827,92.24330017657437,175573.0000438867
2023-05-01,92.05510842340348,92.50471798032434,92.70360690854685,91.65807526312604,146557.90675599303
2023-05-02,92.70109315818004,92.91693753192567,93.27794314094675,92.28671631670579,175972.65582510363
2023-05-03,91.30073746971311,91.2180248087125,91.708409124615,91.11146539198833,139964.96292477153
2023-05-04,90.77080309631997,90.42244681616192,90.8695022787808,90.38762250397701,130400.12302278864
2023-05-05,92.92934818465729,92.7909924522965,93.29142306373669,92.73990962774494,162149.45132882867
2023-05-06,91.45628743945524,91.85457906630715,92.58278602052546,91.31787361825859,177535.85841164328
2023-05-07,94.04287487587041,94.75180253251757,95.55886219386704,93.97729179571485,180973.9578165344
2023-05-08,92.2596309167256,92.82914723005766,93.16356807556379,92.14077476253199,135472.97781401247
2023-05-09,93.81992429574956,93.63646903277352,94.87063611733943,92.74985261701163,128769.91603143657
2023-05-10,94.39250760952504,93.96977362115908,94.96311807133283,93.41415871792525,173239.0216028801
2023-05-11,93.32019104363135,93.37278116954006,93.75633591495703,92.83353300792179,148214.239318146
2023-05-12,89.47067023554847,88.83777641431712,89.89509704912332,88.59496170295236,119268.37075997131
2023-05-13,89.20758845387668,89.32290450367098,90.37875687470174,88.73162627483082,112566.50454105451
2023-05-14,91.20648201859466,91.15263276806206,91.69494599710731,90.63016380225304,107095.75866118103
2023-05-15,90.71842863455828,90.54931623801494,91.37768231994211,90.07336360967847,153922.21731858273
2023-05-16,92.48795658143763,91.897993269255,92.89347786213061,91.08598039016704,106924.13546461682
2023-05-17,93.92375308402359,94.1167100823971,94.1247700875224,93.58338432093718,150306.99183058762
2023-05-18,92.78594270276605,92.58823410441971,93.31701571262634,92.46071307657456,163863.10422789812
2023-05-19,93.06481433745422,92.62930196503166,93.29209889080103,91.71811632368693,131993.49368523617
2023-05-20,93.18857683944225,92.11792872758055,93.57231908101687,91.90100697532606,138440.5920941472
2023-05-21,93.36479765374375,93.3545219595737,93.42411853887029,92.7963157778888,169863.9202356314
2023-05-22,95.30801783311819,95.98365698023889,96.32022155055371,95.0412533335829,112865.53503519454
2023-05-23,97.9076578827057,98.55825787803548,99.72702512289122,97.53141062268986,91437.36601432494
2023-05-24,97.76551576866301,97.58676276353869,98.68308909639742,97.47521927507434,167649.51619453728
2023-05-25,98.14270600994506,97.90629512516213,99.09501171974944,97.71593178690748,131319.0144053822
2023-05-26,97.93295930951633,98.1165931100985,98.17802740446204,97.25857842444414,135209.971960235
2023-05-27,97.26572160118329,96.87728688046823,97.79024687532599,96.82775771868558,175488.06291063075
2023-05-28,103.21747100219241,97.85212167171518,104.04321077020995,95.98012357059874,284267.9667127968
2023-05-29,104.8664443177544,104.67596361166639,104.89336023097981,104.5251858612876,206984.6813141878
2023-05-30,105.32673302747948,105.31370619945203,105.68593754969552,104.42040664740827,219555.52483502086
2023-05-31,107.17252460653333,106.63433955459205,107.1888748835153,106.61309680372845,173152.9394323182
2023-06-01,108.5584421154909,108.59856755254127,109.14290219828115,108.38836550807648,218804.44035190513
2023-06-02,110.05410004047064,109.95752846571597,110.11764240203088,109.59394662508166,199575.7679490425
2023-06-03,110.4128872149177,110.23843202608866,110.69084154452241,109.90806260657929,171928.71583540266
2023-06-04,102.13568571010266,102.04315940240976,102.90317008944649,101.4621767636451,143934.22042698317
2023-06-05,101.91446826623,102.06422770737609,102.28691055099547,100.84597871912874,182963.30555961572
2023-06-06,102.94496788501564,103.32116364504695,103.8709690680488,102.36918130114283,174405.28908001917
2023-06-07,104.55154245360085,104.21564806096126,104.81549022081022,104.06773148560265,150630.11524898277
2023-06-08,105.40988601915481,106.03926254681929,107.69615604804498,104.69165247750115,140691.9973021963
2023-06-09,105.83888564214095,105.72410396291843,105.965224343086,105.02233262100017,146095.70836896947
2023-06-10,105.99528080013222,105.98622147067462,106.27303415269563,105.46189862749834,167854.7107631074
2023-06-11,105.05341598025205,104.73942742283278,105.3082512506818,104.35696738794749,212771.6182705638
2023-06-12,103.88619512245242,102.87881473564275,104.65647938190335,102.55229113787954,113574.34161636804
2023-06-13,105.31592817065251,105.68834441650354,106.36753175760343,104.64829407777395,173749.88081888808
2023-06-14,106.1048719511151,106.41760286051091,106.8519246647258,105.32622151779674,168850.3652779284
2023-06-15,106.1301758236988,106.01074645129478,106.88954201552102,105.84609836206234,123082.36885542505
2023-06-16,106.26114129353128,106.28961533380483,107.42388767465403,106.03639581203583,129685.14865463665
2023-06-17,107.47128497363259,107.69307957641239,107.89962531356501,107.10350660822292,145588.27855493585
2023-06-18,106.52068833748159,105.85491449654386,106.84292183335046,104.69859565627372,140358.4247504102
2023-06-19,107.05620608261235,106.82965259279418,107.1085711311642,106.65655179013167,133088.26341588076
2023-06-20,106.10954160793264,106.44665785221282,106.6687118503316,104.89209061465695,157310.61634475738
2023-06-21,106.44350149326311,105.90945766091072,106.7546753796138,105.8658436933228,134791.7047388661
2023-06-22,105.91825552652114,106.04262810280538,106.47255126607295,105.04867827497787,156961.49812072908
2023-06-23,104.22055431672436,103.65501948610903,104.2419106200155,102.41907269156175,107776.08676870335
2023-06-24,103.39842125122145,103.59133374645289,104.26710928795617,102.83302045126096,143596.5854486446
2023-06-25,103.81151032993907,103.79671034550827,104.4878372094417,103.730848971665,194260.68650848657
2023-06-26,104.8807018777815,104.20311724387228,105.30822075830244,103.4130241933112,145201.84410109717
2023-06-27,104.89788242829829,105.38659719575212,106.11300216121701,104.36522190488994,119924.11906086573
2023-06-28,104.91566666510742,104.60738600508206,105.33510638654853,104.26627426217999,141340.24083239585
2023-06-29,105.34292893751314,105.00151147793773,105.63531326765448,104.87562909264057,125183.0716934303
2023-06-30,106.00614475460254,106.09119102402245,107.18974837203045,105.83821824884267,195982.16739007732
2023-07-01,105.91563257645433,106.40226718231706,106.83483367334374,105.10705982150628,162051.35166296826
2023-07-02,111.67611219953977,106.3499120888883,112.56952109713609,105.88250926446969,303519.44885553484
2023-07-03,111.03660087890951,111.17075993910922,112.19514902189589,110.37951104800001,105264.44041641768
2023-07-04,110.00509504583626,110.25732371966198,110.68661230224686,109.56193585222601,88766.7945390352
2023-07-05,108.47598628397849,108.42663486066921,108.83349514231313,108.11475238900067,115457.96411615444
2023-07-06,108.12472789394603,108.124875553174,108.46314638950196,107.78266477220886,125144.68734778934
2023-07-07,105.74394280907723,105.97276948865645,106.54484280375294,105.56831744536956,88885.70117935096
2023-07-08,104.99074566347443,105.01413184850176,105.08936115188523,104.82451600761196,108850.18212050539
2023-07-09,115.47907943434348,115.51887069959587,116.50473406043919,113.80809022000903,125751.05143934545
2023-07-10,114.51141322372655,114.0203246099875,115.70615637146089,112.98292615548749,132018.22063667933
2023-07-11,112.0027383545548,110.69394133917561,112.66054704744258,110.294036238955,134227.34934957715
2023-07-12,111.13177916069036,111.32584183167471,111.38283051594212,111.08374565333267,154511.81359428624
2023-07-13,111.58188633162295,111.98533735038005,112.5284208074203,111.43981426867458,206285.12517647658
2023-07-14,112.76239493744622,111.69659525541793,113.32425233832056,111.05863894974634,132692.8903301279
2023-07-15,111.7242973318282,111.27305151791583,112.0745624593689,111.22132255554313,164757.57514519518
2023-07-16,110.18001748340343,110.45289119261332,110.73017095161534,110.00962240712752,204943.7629756306
2023-07-17,111.63534562826898,112.55410249982842,113.50063652999306,110.80359940208028,135924.73043685887
2023-07-18,109.61958419335993,109.62870178371678,110.05654977903579,109.39979051392625,190616.1712249624
2023-07-19,109.52213637905679,109.20320662940219,110.50985977384487,109.10147791346283,187134.48935920384
2023-07-20,107.64882318850356,107.57006884190235,108.32826872712648,106.33873089987452,132018.7493113868
2023-07-21,107.69511562816538,108.2873855279038,108.9358497834851,107.13916004884155,151409.41781294227
2023-07-22,107.1950370623903,106.91806044590138,107.44199595075726,106.65272903736256,168685.49797042497
2023-07-23,105.95389254713119,105.61518253114261,106.11295066174196,104.41897167219199,145728.61544936118
2023-07-24,106.13824730518547,105.93329709981614,107.40914720260314,105.57955205485776,165433.16502176248
2023-07-25,107.03218515889215,106.62403778242648,109.02935343118479,105.76967115873784,116260.73724486392
2023-07-26,105.2312481540094,105.28288315586371,105.66614847352173,104.92437092170803,188330.30465695527
2023-07-27,105.67002496838492,106.35674422147324,106.47364939699013,104.68900306151613,127545.40390330339
2023-07-28,107.57140733901196,107.71042370737658,108.05585468660755,106.87260773673202,153470.23902878576
2023-07-29,109.02656395988855,108.91651101892825,109.60723208626881,108.60863149894217,152025.55444230326
2023-07-30,111.53946146974694,111.40926758260437,111.75406403533952,111.34667594736443,202660.22527329612
2023-07-31,111.28070449157205,110.584892593786,112.47933879795521,109.70521411456807,179147.12852863065
2023-08-01,112.09515563107423,112.49112494270878,112.64641045381595,111.22944682781564,191058.94672597045
2023-08-02,110.97724747837812,110.94269484687447,111.3086764262506,110.01269450801841,170581.5437999532
2023-08-03,112.28735686259763,112.20629441274211,112.73600610740102,111.81339330575577,97237.81540730657
2023-08-04,110.90744664739871,112.32400427627935,112.60813005380024,110.21646296528344,88823.03466719697
2023-08-05,110.62415844606525,110.75635560235033,111.31386355674569,109.61570016013751,171526.26767387887
2023-08-06,112.4669869085805,112.12878021182432,112.88351054488442,110.22338329630696,152222.84341259327
2023-08-07,114.46132556326606,114.26611974076344,114.84474931619182,113.95680670794103,108596.95625355326
2023-08-08,112.45726663603988,112.9738708973845,113.71960299108223,112.08498306254249,148333.56903310143
2023-08-09,112.95814517476705,113.00932443667718,113.30733085964606,112.14466912891875,149019.1575571772
2023-08-10,110.51721465471921,109.88139675046779,111.03373001128548,109.57603984614703,147326.39881461635
2023-08-11,108.9918512541134,109.39260510733618,109.69306690559102,108.72279836872477,170090.17646490116
2023-08-12,109.47176914942962,109.1791974890669,110.57162704406494,108.42330575217836,121803.60641017935
2023-08-13,108.89512884862559,109.7111008594778,109.71478453179479,107.67349426881371,118223.59434333145
2023-08-14,108.8599139318978,109.33020968980183,109.76889168240723,108.60614790301473,178654.26961503713
2023-08-15,107.71704267629515,107.52430590939629,108.42261141548423,107.40145472983974,165121.39546553534
2023-08-16,107.12073353424823,107.66962718360199,107.91970046749181,106.83200970060001,126213.81503212967
2023-08-17,107.03229710230276,107.06134802695395,107.50813928652578,106.70490241360068,118942.73032741877
2023-08-18,106.40791793588615,106.77088542084729,107.31484172590783,106.3859291578028,114063.66322233455
2023-08-19,108.80558809538581,109.01655465240526,109.20883823530146,107.1811245690142,151057.90655915186
2023-08-20,108.00591748579473,107.64027137762473,108.05231634312409,107.2151471511997,156419.39732202666
2023-08-21,107.91112382616573,107.63333908359166,108.8938965971491,107.34046314137723,143370.91201400332
2023-08-22,108.68812386621785,109.1359019018923,109.36969012490434,108.04754169220912,172725.23130141915
2023-08-23,108.09152248908522,107.94677698772848,108.66897971954623,107.90857404804612,132725.4527806596
2023-08-24,107.80146045250325,107.62740487711567,108.17350809727861,107.33883051168162,80942.36505793246
2023-08-25,106.023231177865,105.61817044973078,106.34172436299,105.4010939304291,191006.22802333575
2023-08-26,108.03719243406654,108.22025024912419,108.25256937441945,107.92669387068538,142528.91881330864
2023-08-27,108.76906078973347,109.66641638301947,109.67106393079004,108.14076768822729,159337.50463630608
2023-08-28,112.50371775987976,112.02331207314118,112.94944925851698,111.88444039396185,183587.2473430373
2023-08-29,112.39021665010284,112.40110477003323,112.87239928888599,111.97872268508166,121333.78678198723
2023-08-30,110.50248106579376,111.12669656653584,111.40738456245913,110.39840565591022,156103.9090760167
2023-08-31,109.6348601714526,109.59993428028027,109.95851467706106,109.21423154869505,107332.38871206978
2023-09-01,108.89897271036158,109.09602400594052,109.44035386488227,108.7524710938091,117553.55989156815
2023-09-02,110.96354267244865,110.49199487406682,112.39719802631393,110.01824290612294,176449.19270848352
2023-09-03,110.99397550286872,111.1841335326894,111.91604937434566,109.62878871052824,194398.32416670077
2023-09-04,111.12681747204587,111.04363048573347,111.44608756748163,110.27138373268612,124161.47396015209
2023-09-05,112.99456636476947,113.44009489842784,114.02733508572253,112.76659661445727,166167.30131053977
2023-09-06,111.78987097957773,112.32082191360723,112.78817464180284,111.50447819113752,144289.83965749174
2023-09-07,110.77912907551602,111.9266074953098,112.18986736459837,109.98334924657748,108516.00807106993
2023-09-08,111.930542132554,112.19005675381723,112.903542692307,111.00934904919417,207282.4992141039
2023-09-09,110.29226104397104,110.43599229355361,110.84483027930878,109.82278593056083,166889.0771007171
2023-09-10,109.55148996102486,109.63667032047617,110.0863359076497,109.36182432366789,135386.2384870591
2023-09-11,108.88061725193822,108.726805396123,109.77297385778417,108.21551529670407,124080.27690960551
2023-09-12,108.97884320547202,109.1263935162888,109.91992397390267,107.84441491905467,125071.49650766887
2023-09-13,109.34339139640782,109.21419062837629,109.51478751094317,108.65276060369466,148492.8567165259
2023-09-14,109.09665374016814,109.1701678553554,109.41205213901533,108.73300397233928,122773.09013875207
2023-09-15,108.44452814348614,109.01607311561423,109.10986300145255,108.31153891094681,172661.7367747727
2023-09-16,109.0856287686354,108.6464314541717,110.2481991919657,107.86277591767676,120673.34265604347
2023-09-17,109.24482753515048,109.74293088243672,110.01201142590816,108.9854711084617,172541.61370115366
2023-09-18,107.28154119780484,107.84674973524113,108.51283596380614,107.07719994705371,166300.80577139804
2023-09-19,106.52639268706983,106.47608302998889,107.39096320334524,106.2634329976623,167117.9600577948
2023-09-20,105.65048169921882,104.75378173051439,106.61550958727773,104.69508597071217,95853.53698006443
2023-09-21,103.73743077375903,103.48521520852312,104.42999537339874,103.1565469230821,151442.54839984147
2023-09-22,104.08909777582481,104.62910974451167,105.02414535657297,103.14325868727941,122870.50124686775
2023-09-23,104.89540872635767,104.8858137073912,105.86069469639745,104.68343031346666,100154.3981319312
2023-09-24,104.8561129679809,104.43698117694622,105.19320532041023,103.33730170392369,113669.5140071263
2023-09-25,104.11390963861832,103.90369327647194,105.18046791132397,103.89222129206767,151421.9601394924
2023-09-26,103.12141360027759,103.468157302013,104.1613056603179,102.98203627505367,138463.33367310523
2023-09-27,104.36896497133493,104.597213037848,105.37278774560308,103.9351724295531,132693.24391430552
2023-09-28,105.4117955058131,105.3110504595033,105.51039654692744,104.50900329167361,116108.79436027145
2023-09-29,106.08756051931145,105.93189849135806,106.43655928980195,104.84979483168784,193247.058619737
2023-09-30,103.16158711915871,102.99992954946981,103.26063352404051,102.87489043880554,126093.1423358857
2023-10-01,103.89407367177536,103.51074186511983,104.20686718712706,102.49725355566527,143908.6384187102
2023-10-02,104.37944871982094,105.05389681558984,105.75821941503591,103.92036724002355,131880.44439852537
2023-10-03,104.52335646478844,104.38859639559134,105.43176847285885,103.24988680205485,145329.68293823762
2023-10-04,105.96469493878021,106.48059826418586,106.71044854802777,105.47186024604711,157632.6252990364
2023-10-05,106.40981813327046,107.05734999090365,107.90912889830471,106.05672476353472,137643.691016326
2023-10-06,105.86469066438347,106.28743416206073,106.55111106860791,105.71604110557548,137023.25436541138
2023-10-07,106.37803323523744,106.19437355535214,106.54416200551599,106.03601950991018,137370.46557539213
2023-10-08,106.76576306351313,106.9381812681791,107.55655702867872,105.99670899191993,212262.02395936317
2023-10-09,107.85111270763117,107.84067461534359,108.47049145483452,107.74985559702358,140219.29403496475
2023-10-10,109.33256941422792,108.93735322855574,109.55809268876784,107.65162902580654,137757.73880935347
2023-10-11,106.9268199720145,107.06555079810609,107.09680474301716,106.21007679801781,119757.41067247788
2023-10-12,104.72186966678348,104.22798466141633,104.7424770428572,104.11176269216271,139454.59547876075
2023-10-13,104.78397172181094,105.28177077563147,105.76090516740514,104.58907417369608,200293.11936825849
2023-10-14,105.21628457032794,105.02074334725258,105.36173601299443,104.98508555623759,143426.98413573406
2023-10-15,106.25157126774813,106.33706538579682,106.92674682755948,105.47446589727775,83665.94072976345
2023-10-16,113.39262593287471,106.69507357381337,114.2997669403377,105.32668474286048,380877.10279653984
2023-10-17,114.62089098098696,114.51680751396395,115.07489903637624,114.24793776753974,239606.40768507027
2023-10-18,115.9428977193434,116.10922559311551,116.37162404177174,115.74662384316248,178803.77135786877
2023-10-19,117.62511240373298,117.65846285392361,118.1923481925488,117.04650307817056,283557.02145437145
2023-10-20,119.84270864589729,119.84482462190182,120.3464254870672,119.82875765631888,204680.6028657131
2023-10-21,120.64515485143652,120.4967160266377,120.70735909954917,120.33252520768347,161856.06959087314
2023-10-22,122.10256202037984,122.29192446930307,122.69150989342882,121.89436808886414,161612.7307895542
2023-10-23,106.99482806200176,107.82464956151644,108.76249448833155,106.17345127975726,135670.2765970465
2023-10-24,107.60960385289744,107.17902282264762,108.20480966868736,106.50911663338316,160009.86315860844
2023-10-25,108.89465178600692,108.59944057574683,109.55060531665178,108.2192050665973,134699.5080343576
2023-10-26,108.61080186365488,108.83406563819682,108.96941211499157,108.52640003143281,120637.08852653077
2023-10-27,108.11764995156356,108.19531379251326,108.24033018634547,107.74149310960314,161319.01479134557
2023-10-28,109.066036291538,109.2190036320671,109.69196837082315,108.60344846869204,122335.04027467124
2023-10-29,110.1495633956648,110.36509839088298,110.48218750859034,109.58412890185387,190669.13576414852
2023-10-30,110.68568527953325,110.9667036023708,111.33068332384107,109.59024174067079,206303.874376742
2023-10-31,109.79713824060896,110.28450570842037,110.46426180581321,109.09183838667361,112660.35890065749
2023-11-01,107.70267394192383,107.87922820265379,108.96241252226693,107.23119312044649,194881.3293446755
2023-11-02,108.5279127295487,108.42317997080559,109.40077736982508,108.18806388179398,148332.45987268636
2023-11-03,108.9038750811325,109.19685861048704,110.0483197419768,108.0589063302702,116235.3285810487
2023-11-04,111.8787774566727,112.72900332942507,113.29021278041087,111.49454748721843,153876.63545925682
2023-11-05,112.05005121019857,111.99060473790111,112.59555336309394,111.68782464568048,171772.99871696075
2023-11-06,112.66726228828264,112.22807209317486,113.44349237506202,110.96899679545078,156716.52072837393
2023-11-07,111.75869294174828,112.25359649607064,112.80506090752301,110.97965627848937,164144.05071407987
2023-11-08,114.05712233751832,114.00220102094157,115.10959487130926,113.80853027640099,190362.60138464934
2023-11-09,116.0089462894856,115.00074987081224,116.7902977302965,114.79315529164943,134663.52970706444
2023-11-10,114.86142050517532,115.25076473559281,115.88522214620654,114.02788707195262,146226.39239701055
2023-11-11,114.96829039992176,114.7221073345537,115.67028319421499,114.4543605773161,182825.74555412846
2023-11-12,112.97733284426398,112.93642000919054,113.1613697408448,112.76601683446735,195886.5095838184
2023-11-13,112.8277233659692,112.97754970557075,113.35137633535464,112.69620970268069,137193.5679015774
2023-11-14,111.653198115657,111.73827770960638,111.96661882428872,111.14687888704914,100354.29984402691
2023-11-15,112.68100281641131,113.00076978523192,113.26566342413291,111.9719865924193,152199.53901565212
2023-11-16,111.17304973672205,110.97939234498195,112.05785744809268,109.87709589201735,111147.63683809151
2023-11-17,110.8101080975739,111.03753733341944,111.73528680711301,110.48860709579276,200070.64575868179
2023-11-18,110.53859847593758,110.42383877202073,111.31430750726427,110.01825184625191,104905.71140645682
2023-11-19,110.28370679903445,110.60962183285146,110.76185877357139,109.95867358613604,141818.29290756988
2023-11-20,107.08744282750457,107.35103534855318,107.37903912201106,106.85740012309924,148371.15400446564
2023-11-21,106.85032139125417,106.45051368743303,107.83191736365,106.36148026572988,170886.19094440254
2023-11-22,109.10906870518859,109.58303069449398,109.92115226277495,108.62485150589137,183796.95088643272
2023-11-23,108.8264022765228,108.59309438258883,109.19993199618636,107.34903706766494,116804.2227377499
2023-11-24,111.95443404042264,112.3162966543367,112.35820704262386,111.06889529638431,151776.55302043466
2023-11-25,112.01114919071819,112.17571028694721,112.93246110748913,111.9623030163947,149276.2473866999
2023-11-26,112.28885090363961,113.11448103490821,113.34121487055545,112.01161434949394,145669.18764228173
2023-11-27,111.64045649538333,111.5406651182506,112.0186536752239,111.48094569677185,133594.23176278823
2023-11-28,111.64115257112414,111.48516005219979,112.32417158316771,111.46002863598697,133697.25686598706
2023-11-29,110.82573763191155,110.81712886332345,110.84139873887229,109.66604831573018,153192.9068307569
2023-11-30,110.55976497100653,110.42568702887006,110.67542436565913,109.43520954387658,195119.78965748067
2023-12-01,107.41860120093492,107.76231576152944,107.90799398216073,107.39196635126139,182745.20555767385
2023-12-02,108.95390343193208,108.24949003214165,109.19547183984973,107.96176150391716,87798.29302775551
2023-12-03,108.58267831903567,108.1250316823613,108.66833219841718,107.50771358781732,138856.77402012626
2023-12-04,106.93366428537429,106.47692796881793,107.46365779086315,105.82454652018927,126665.49937227374
2023-12-05,105.64097327081531,106.04253894650624,106.32043247833289,105.34086507743254,202568.1133027087
2023-12-06,106.80378734259227,107.53458729007481,108.57116292294052,106.63227684965331,188146.65284982475
2023-12-07,107.70979381944416,107.66479300427106,108.84047774899487,107.11778860285656,116128.44686348311
2023-12-08,107.12036949990843,107.04803251843752,108.00826072804733,105.68173945803012,164681.23683683755
2023-12-09,105.6938161292381,105.72343245102826,106.54316713755816,105.63097420074317,171389.95290517164
2023-12-10,105.44542565144835,105.93548466014315,106.37387184387835,105.06403756760459,138755.37577351206
2023-12-11,106.33857761329254,105.94412396035233,106.65949134334736,105.66934964259961,163327.89934458118
2023-12-12,105.94541821430965,106.04643462057028,106.21408589909404,105.64662404625008,184779.89410092746
2023-12-13,104.68814222118978,105.0965087338315,105.28204030629891,104.24366197929064,168478.06820832792
2023-12-14,105.43986373075184,105.65120493473076,105.79979773402788,104.98931463960389,140713.6068205803
2023-12-15,105.87122335744239,105.95150830814396,106.44975523471804,105.80092568972759,112466.5927084409
2023-12-16,107.02005578049068,107.44858381515219,107.89376976397783,106.44430357339618,144452.93590671034
2023-12-17,106.43278815586784,105.28193795596029,107.01786531617104,104.75006390485316,181470.27677510667
2023-12-18,105.62757572721654,105.91398503380599,106.44259466328583,105.39358495807076,107746.16110909321
2023-12-19,103.79962071898785,103.5280494876673,103.8414592051539,101.72232056628732,168180.2985403692
2023-12-20,102.30310549599233,101.55398777450617,102.74245231404717,101.32559972717145,202643.82545953093
2023-12-21,99.84479020653187,100.04895387174228,100.45838544570594,99.22263106705714,200893.69104870115
2023-12-22,100.13801116717502,100.68823290611668,101.58672202977984,99.1578948722228,147098.60664388823
2023-12-23,99.5241082630043,99.46939049960271,99.8704839525588,98.73087405865088,161974.08343056214
2023-12-24,99.51894662009448,99.89826290488942,100.04175946730001,99.45361732488568,183099.05646049563
2023-12-25,99.69601979848893,100.33897069900537,100.63979803685386,98.90125858458023,154509.05284385633
2023-12-26,99.2996851438323,99.8219675087602,100.10466468087077,99.11309042595192,148291.63128836796
2023-12-27,99.70904726650278,100.36312446960069,100.4088631176486,99.3462040164854,98694.94822030123
2023-12-28,98.13122475997594,98.42252827848367,98.86110836642133,97.86279413770406,172297.92282068144
2023-12-29,98.37626328572948,98.40594680381422,98.69068379251635,98.10528175034929,144480.49990941962
2023-12-30,98.43838400540795,97.80760430238767,99.16938493819666,97.39998111405527,160427.45116085012
2023-12-31,97.83067238903672,97.73438255438283,98.34085312217799,97.05745701864134,126650.85823793062
2024-01-01,98.10568669515395,97.77477755000656,98.6279763564842,96.7470695186915,120648.81667154904
2024-01-02,98.63559000201133,99.49211886521519,99.9477645760458,98.40482787289776,98922.49187286479
2024-01-03,99.91057676680211,99.84028535494126,99.93331911292722,99.74560472173144,164177.92447239129
2024-01-04,100.25781244797876,100.30722142562391,100.71847842115459,100.19968878126043,179480.7295183654
2024-01-05,102.29638178133386,102.52204161563091,102.65079729636076,102.0410703113156,180431.1019505439
2024-01-06,100.1273327037359,100.14479589035443,100.78951489588457,99.55916252090009,111612.69099792896
2024-01-07,99.4175504105011,100.09162169954269,101.51124468840706,99.05472833195809,150782.731506325
2024-01-08,100.07874123506404,99.82948537765124,100.55070419171075,99.04055376719477,128227.68560539604
2024-01-09,100.34286135243654,100.42097122803263,101.25308627018023,99.87564818425004,127338.51202940033
2024-01-10,106.24357520173338,99.35309406450715,107.09352380334725,98.7556538939803,237160.36760801735
2024-01-11,105.6875845100655,105.66988861215235,106.16087301429116,105.50355158796884,76614.62328205699
2024-01-12,104.19464436003314,104.45079955461699,104.70277444281717,103.8401594764943,127126.47772876461
2024-01-13,104.11240979289443,104.1675425842536,104.69895986030191,104.04922837177406,160280.0233615852
2024-01-14,102.22049616576166,102.39211793985646,102.89105208625507,101.78815731453881,108881.55859759236
2024-01-15,101.30205775191862,101.23821988343805,101.53373395416527,101.10352951437771,119706.5074675888
2024-01-16,100.26551613973584,100.2208537276991,100.69271620741556,99.63852376621199,107562.20610755259
2024-01-17,98.45412172261888,98.42139337796523,99.46980077260835,98.11305339648882,147118.2030082605
2024-01-18,99.8732497141617,99.27212445949935,101.06724361471927,98.61474256801898,128904.70724622338
2024-01-19,99.87126352556535,100.17489452334064,100.63569298024156,99.67304549879995,203124.01906906528
2024-01-20,99.15890305622004,99.19160159809688,99.5186703129795,98.6947209173678,204373.45673990785
2024-01-21,100.04820537876661,99.46490373169222,100.56420673151256,98.67083070326393,133125.99672317196
2024-01-22,100.84709466563324,100.72236331737435,101.08134067335699,99.99910303221759,179176.6334888019
2024-01-23,101.63326662029388,101.32749017025567,101.66095836281183,100.78415330723514,102893.25840328631
2024-01-24,100.80070200930405,100.92939406815897,100.94476869556912,100.26063974749071,142574.44093345487
2024-01-25,100.751381894384,101.2915908335751,102.45827132080571,99.64536131239534,168620.16292652034
2024-01-26,101.0046230955039,100.24701874136137,101.01300915347635,100.00059958418488,109939.66923869695
2024-01-27,101.50086051671106,101.54756150077236,101.9678025421058,101.067052643736,168317.5723585147
2024-01-28,102.21260905422831,102.14713869090825,102.5150292757983,100.74875345136046,182423.42176663864
2024-01-29,103.253315639687,103.53058799494825,104.42734841595296,102.87067433356304,163775.4023768531
2024-01-30,103.20911678593663,103.29713212874525,104.0758934808195,102.25853589686456,100171.17199452026
2024-01-31,103.76465864889573,103.45254728480647,104.27095040058224,102.28559632323395,156230.63061489334
2024-02-01,104.13055325353018,103.99766020217545,104.30484463916625,103.55293790177831,111697.54272539073
2024-02-02,102.87328540504028,102.54572622441333,103.04596449099209,101.38707219036318,181594.5855999871
2024-02-03,102.86581922041229,103.30855664360813,103.79846972236479,102.63602579406133,170445.02092117874
2024-02-04,108.08230561051131,102.9485765392851,108.9469640553954,102.66969967636497,331963.9052067192
2024-02-05,109.3529567185628,109.40139520073895,110.00015732436461,108.80475038861057,174874.25559952244
2024-02-06,109.499360726159,109.7057769261013,109.71245889460972,109.04040461003252,176971.26374050335
2024-02-07,111.48139122941781,111.48683315775253,111.58263446513367,111.23087805304988,182942.28718472307
2024-02-08,112.59866404758486,112.99182960768044,113.62425994715905,112.42664379337312,176328.8037551244
2024-02-09,114.78783026824661,114.67653412850005,115.24487114757623,113.83835806316046,160110.31521343935
2024-02-10,115.14856727311519,115.08281658980039,115.1874063446909,114.32270076447463,177850.4887273072
2024-02-11,107.22528666323002,107.3398575901504,109.23918984394568,106.72819488015672,155896.64329534722
2024-02-12,108.50350011059238,108.72429389304956,109.53625534428178,107.9630278064909,105433.18880889085
2024-02-13,108.8639604296355,108.17542170156456,109.74646026767769,107.59101571956978,176688.9238687031
2024-02-14,109.00270121676601,109.3929475924732,110.260953036205,108.70759254478732,181964.41125196053
2024-02-15,108.42195507664557,108.21245738206598,108.73542423962517,107.44404483412434,192280.4232055674
2024-02-16,111.22063282498868,111.28593847173796,111.65135573115047,110.43449812040889,139114.84318681023
2024-02-17,110.72602979930777,111.44008895661685,111.80709493722455,109.61839915936135,193601.534313531
2024-02-18,119.2784416377414,113.06567348326222,120.23266917084332,111.63185413665367,295491.2382078843
2024-02-19,120.03747862361958,119.93937537438765,120.26738340463245,119.6133438415965,184010.40025444023
2024-02-20,122.21241432484923,122.14192411070692,122.27104757535758,121.78018510849721,159172.57408711629
2024-02-21,123.58864006750322,123.3311190249059,124.19842522320843,122.59624442439754,165055.89496093898
2024-02-22,125.69828448318178,125.90127761822602,125.9549054603992,125.47012073559584,204134.3745689243
2024-02-23,126.16131822816796,126.43716669742501,127.40033140517403,125.85580955085315,156064.19241118716
2024-02-24,128.40964315261888,128.4168374095487,128.52595521496227,127.63702067548583,186654.43507520514
2024-02-25,112.55979181342776,112.50069478586788,112.67812237844184,111.79184540889875,170244.58476499812
2024-02-26,111.252525387553,111.2867252517928,113.2800434423618,110.7468858975573,161472.29238552152
2024-02-27,111.49226803740868,111.39198922383443,111.73809622348404,110.47598873953667,164773.53792024447
2024-02-28,111.87927041009807,111.58838315206924,112.08973524534333,111.12292374657123,223659.00419732684
2024-02-29,111.1539824289965,111.22896898277394,111.84415516680416,110.96474209120682,134070.09134994546
2024-03-01,110.44621379728679,110.64145648315902,110.96188822836466,109.79157257600421,133335.68642519237
2024-03-02,109.72134924451898,109.24278901255094,109.99790925033437,108.6877148440459,185670.49593322654
2024-03-03,111.46595434210681,112.0950380389892,112.50318768097216,110.63021455904983,132877.61118751572
2024-03-04,110.50712765438175,110.46354888910358,111.87070398785424,109.94701094833616,164142.46669159213
2024-03-05,109.88446000124459,109.89274512379868,110.638403731319,109.85873416834673,168987.95453266532
2024-03-06,110.16796762626616,110.4800578008813,110.7940191962162,109.8917261544143,104527.67655008304
2024-03-07,112.06497386786224,112.16951530648466,112.79298564051926,110.70284122969302,203876.33019286566
2024-03-08,111.36962743928098,111.79422932655156,112.16684797562546,110.65406482981295,138368.95320192046
2024-03-09,111.75266590815087,111.8810134717827,112.49771493959021,110.47102883621734,160033.70369961075
2024-03-10,112.58291903535827,112.30711908590477,112.86484928046315,111.44429342812407,210306.13616299047
2024-03-11,112.41058236236542,112.57312964954328,112.77244482058595,112.28278514006914,126051.08266384639
2024-03-12,110.79539928874799,110.28852088147958,111.44409530706258,109.62186384743163,128072.09880174242
2024-03-13,110.79564692129944,110.84375869262381,111.45458834915094,109.96140710827433,203836.73590553363
2024-03-14,110.21451336245603,110.19986365346436,111.03829016904919,110.07773323864691,156713.63854916696
2024-03-15,110.23480588716873,110.1430390017156,110.27113979354465,109.52320979594549,185651.79820344254
2024-03-16,113.30712479821709,113.24886793481764,113.78952751715528,113.24037473048195,134073.93681239037
2024-03-17,112.75979746719523,111.91100979825863,113.61125002023054,109.98497450345016,181324.82631207217
2024-03-18,113.6180672547468,113.36868700085853,113.76600960173005,112.23368555820078,205401.219772081
2024-03-19,114.35878107713796,114.40125159603285,114.61299649860393,113.6323316521233,139221.23727638822
2024-03-20,115.10756687396874,115.18116959529702,116.85824185433782,114.98822214870893,183261.10741748725
2024-03-21,120.94828031923963,115.65476101546992,121.91586656179355,115.11910356928595,363480.0860530817
2024-03-22,122.72123829895656,122.58552803927054,123.21301904536664,122.34154810342898,240602.52802738125
2024-03-23,123.47271113640997,123.28510592926182,124.34742567984289,123.05256931998183,220299.68561599604
2024-03-24,128.69958557863737,124.11084569387548,129.72918226326647,124.06811696443191,441588.03429597913
2024-03-25,130.15938111400732,130.21459299315637,130.73199218820548,129.63047647637597,212081.36148094712
2024-03-26,131.07355622757916,130.65404977838807,131.71177051319364,130.57071208918097,233557.72221500284
2024-03-27,132.87316512645398,133.00965628548823,133.02812534064807,131.82691958483687,318317.50943419005
2024-03-28,135.21434603142578,135.4336092486795,135.97201888528122,134.98708233270384,196811.0253780898
2024-03-29,135.98063684054205,136.00719940060344,136.69512294850932,135.0053258111879,224103.88907506163
2024-03-30,137.768882085677,137.73479008845717,137.98803363294684,137.08246128687676,279366.93420891295
2024-03-31,120.19765537763038,119.87522747051091,120.583222353522,119.76871395320515,156574.50982991816
2024-04-01,120.5369157980833,121.20828968858572,123.12513654156648,119.8997082386323,197323.59839290424
2024-04-02,120.46256115921896,120.34207618498885,120.4650008922384,119.82781543259134,158370.64577311018
2024-04-03,121.23203697087882,121.37203263783127,121.61076257036937,120.36881543879106,155598.27369469075
2024-04-04,120.7363166334182,120.8620378332281,121.53229286866575,119.69580955540756,155822.69978694923
2024-04-05,122.06467473324993,121.9990973218842,122.80724001102962,121.82480177212625,119204.54101766819
2024-04-06,122.2642383422262,122.660769766064,122.72383248512484,122.23049139709877,128996.3755518248
2024-04-07,123.738294296936,124.13103406023598,124.8202775549015,123.0666816583867,104304.39285648675
2024-04-08,123.1075880802101,122.24655786458418,123.29622614938569,121.38636493930773,161316.35625193562
2024-04-09,125.02621691529131,125.67852381984103,126.35367864445368,124.52704962646348,148027.49216781036
2024-04-10,124.39997748325948,123.57272161974853,124.70458389447406,122.13343248847131,206434.7120832177
2024-04-11,122.70236080275998,123.2091442304026,123.94530560602398,122.055726912055,84035.82130139755
2024-04-12,123.27037814282399,123.8259356159128,124.30970094205627,122.99079508290627,134938.37326942166
2024-04-13,122.08489876226713,121.55213665752372,122.71372226828342,121.3833401791018,171250.6934189806
2024-04-14,122.41745961879258,122.21629625276657,122.58978954368358,121.74222691156453,133077.64107789815
2024-04-15,120.92109434038751,120.38628226626513,120.9488370215632,120.23050171572808,176173.71984840435
2024-04-16,121.74133575393792,121.63667666070207,122.79945647661295,120.99957214532071,147024.72408661852
2024-04-17,123.99730014919513,123.84451847082543,124.22025472081874,123.18957352484884,117897.45701021542
2024-04-18,122.20666994408545,122.58778881342734,122.62471565137558,121.67790463667174,129242.75790356267
2024-04-19,122.19196672445885,122.83240353527731,124.76391342251648,121.52019871801946,157300.18347968077
2024-04-20,121.94248345503127,122.62325605505411,123.44137415901181,120.95076708694297,160561.6618954289
2024-04-21,120.48063614600274,120.20971470015036,121.53906617693508,119.36569918230032,193312.93812219778
2024-04-22,120.42205473193167,120.32127502020694,121.14231742260151,120.22432266552933,183518.87494764384
2024-04-23,120.87332514758492,120.05939405968819,121.07685387979403,120.00205523293631,163702.5965746135
2024-04-24,121.59704588386357,121.2050802060549,122.88010421811744,120.80215250653355,163431.25680051945
2024-04-25,122.40831319570464,122.88073663927095,123.15508420675957,121.77543547987086,189874.57590397296
2024-04-26,122.68413859934641,123.47696414751807,123.76527732382506,122.66203228243376,171270.11272765536
2024-04-27,122.61645576620174,122.01104983080603,122.65553656340772,120.43536237530812,193203.51646348418
2024-04-28,121.84478500373062,121.55603028261511,122.73929792822393,120.91679946869837,204028.21298732446
2024-04-29,121.83659546295742,121.82372671284342,122.63813593382179,120.68236517127514,107076.74693645856
2024-04-30,122.03032076085037,122.16707338515234,122.62569636373418,120.92954393744189,129568.45027575357
2024-05-01,123.07909301963684,122.680511951887,124.05332350871633,122.43751613908654,130421.28062092827
2024-05-02,122.58367289977912,122.7916047412356,122.94115065041888,122.4279914033187,93313.77807163406
2024-05-03,122.08090531668023,121.84951837081991,122.66692191005977,121.39058392609132,77283.6202011313
2024-05-04,120.22022192849737,120.21327210764792,120.26604355924638,120.00551553447768,172812.4396843289
2024-05-05,121.20318211887837,121.46802767567624,122.36988269322073,120.17159904107449,162763.72685354896
2024-05-06,120.08281074712332,120.08589556396443,120.41538843672832,118.29035241065677,148568.6593157406
2024-05-07,120.11848770021464,119.90881564731959,120.14935097902277,118.99009920490884,115249.05932422372
2024-05-08,121.96256566233524,121.90909249070108,122.00502527195911,121.66184367577114,176320.86871727015
2024-05-09,121.73740865373965,121.69438034304112,122.35712331586852,120.81305383406139,150806.5751698359
2024-05-10,122.02746802327673,121.84686198680792,123.67256132140461,121.06072134231647,88747.95394727128
2024-05-11,128.3951898315214,121.64479989279556,129.42235135017359,120.42125292677704,284989.0396321453
2024-05-12,130.46804679205238,130.09674127378648,130.97432766164164,129.88985739475223,184037.08857744778
2024-05-13,132.1123095440437,132.2126535030186,132.7246050967985,131.94832767353287,219992.87158941338
2024-05-14,132.7019121186396,132.5135314056993,133.22151418333343,131.78643330073845,217330.72847289022
2024-05-15,135.38439783691175,135.60865659266432,136.2003777353803,135.13369868862995,231060.71363359797
2024-05-16,136.02189455305415,135.63201450306656,136.30735685149412,135.36419289724637,169769.46566948263
2024-05-17,138.30527655079513,137.99902529132922,138.50748214957795,137.9155087116515,210345.93003144825
2024-05-18,125.98360300503522,126.1698784258184,127.07047901228648,125.2082348917727,169055.1540504591
2024-05-19,127.28306626341843,127.22843527979644,127.7598778370792,126.3881005755335,133942.94365318297
2024-05-20,128.90393914217964,129.13478904360994,129.27776090241446,128.08304975259995,155927.98814077198
2024-05-21,131.43425218932995,130.60838446001324,131.91115716582436,130.19147763910814,129324.36545731296
2024-05-22,133.55740875312824,132.9554561794686,135.32482687764826,132.6669473111859,155937.32350387942
2024-05-23,132.8157071487909,132.18141917276083,133.53057403658391,130.78464109810972,135483.42497837034
2024-05-24,132.4712903789577,132.54703380381412,133.56091923496618,132.47104106326387,162724.9783920575
2024-05-25,133.1386929646003,134.06135209489233,134.5854156093635,132.19457390675706,132788.99988184264
2024-05-26,133.1494674538871,134.3378531586684,135.2548586618739,132.79038418111887,214268.1107583559
2024-05-27,135.26251925800796,135.60773685559286,135.77167972107796,133.5695353827412,163089.71009022096
2024-05-28,135.3481234318098,135.6192768710695,135.62458336740352,134.52404867298588,153600.93980154785
2024-05-29,143.35524402481317,135.14367378161796,144.5020859770117,134.85057734426022,262495.69069690525
2024-05-30,144.8622758432845,144.6512226265223,145.04742412727526,143.69443158794735,129925.221118774
2024-05-31,146.87598415500713,147.1685958413067,147.98698387583727,146.7832986883752,220240.64164840692
2024-06-01,147.88677879710167,147.449943456986,148.32415182023686,146.7469614991232,256385.48376831127
2024-06-02,150.78105474178972,150.85433575838692,151.77919385790173,150.662673127223,137889.379671817
2024-06-03,152.12955977989554,152.18296827855795,153.30534420026618,151.58778513076174,235836.83380187405
2024-06-04,153.6400780605353,153.80486961493807,155.15597022766613,153.54044309954247,177103.51374811132
2024-06-05,138.10829076308144,138.52146119154773,139.17726890333705,137.3591348057102,148844.7459149788
2024-06-06,137.94113800315245,137.34923642813047,138.0105168458617,136.07274515589,176509.79812460017
2024-06-07,138.76392545724855,138.89672079331814,140.07216969380843,138.54913889828092,102708.23529047251
2024-06-08,140.5757738769196,141.74203698245884,142.09052066273242,139.64470340610833,191402.74062442355
2024-06-09,139.86509863510818,139.35073936876486,140.58771550804775,138.95344950797494,161874.10600312226
2024-06-10,140.49793485864745,139.0759341724696,141.68095835451885,139.07392827394125,157820.2129747172
2024-06-11,139.87756867403294,139.71754637328456,140.4632947516274,139.22355683727255,129851.29896185845
2024-06-12,139.8869037888432,140.50294312698898,140.8764370604092,138.97022745477292,185181.87057778094
2024-06-13,140.57922397435652,141.68043583590247,142.08804447151073,139.87513181235863,138881.57003741682
2024-06-14,141.54526242713453,140.84911474707874,141.79713560733305,140.07689120335976,64543.72138109774
2024-06-15,142.96378126758106,143.2478212640073,143.6459225405955,141.63788101684162,97808.58663665701
2024-06-16,142.5688521378973,142.3034970270537,142.73761852897766,140.94605914922354,116409.90316121568
2024-06-17,141.0552343670322,140.99545608724353,141.31870467439003,140.50980748554446,184824.8036213556
2024-06-18,140.5339929254579,142.0204734423466,143.46904594936146,139.35384918170135,160395.11645192147
2024-06-19,140.5176882308029,139.67291256670057,141.42111283035246,138.54815921669555,164311.22481669363
2024-06-20,140.64987450007519,140.79262830625478,140.9536688219123,139.49725652378507,111510.23327434291
2024-06-21,141.88539468341173,142.15083000447842,142.953678486567,141.75857526753944,135187.30250516062
2024-06-22,140.05749640502003,140.66578646222726,141.53723118381177,139.6349840366458,137156.54517102262
2024-06-23,141.8984081537812,141.9540227677948,142.29294684084326,140.36900370632227,175506.6522634048
2024-06-24,141.52002559249175,141.69440687342936,143.23261841389595,140.92047975677113,139522.26887044712
2024-06-25,141.17406353103087,140.9529010520747,141.3587580815637,140.74766127208864,212302.43950682523
2024-06-26,141.67238607370874,141.82489749740037,142.54619106765068,140.79993702585307,162901.24941573208
2024-06-27,142.94872621854694,142.75249062402534,143.50801787458082,141.6989767526775,157163.6747707954
2024-06-28,142.6778756435621,143.03261387077976,143.967732239726,141.8520229189545,144109.50452745066
2024-06-29,142.6319541322652,142.42108115427567,143.30354687917412,141.02951164109717,148883.33290470476
2024-06-30,143.54510958462959,143.76163325409797,144.08122235042103,143.30017743047787,151558.37657421897
2024-07-01,144.46427767728827,144.44736795232103,145.68260302220423,143.06883558891025,147578.50259674253
2024-07-02,144.59863990566757,145.24994124457592,145.26355261710702,144.00960465887573,90053.97946403676
2024-07-03,145.73823311531055,145.70827299343455,146.5272108018382,145.58850473638725,160394.65427693978
2024-07-04,151.65566317990255,145.9334734644808,152.86890848534176,145.4786895646082,138847.14503921653
2024-07-05,153.13925716982655,153.7334339322041,154.18970457348956,152.34805693318464,189556.00450194825
2024-07-06,154.60659927713309,154.7574660803965,154.94136960906505,153.6039897790085,154443.6688421043
2024-07-07,156.71829204078716,156.42658782738272,156.7913292707854,155.38491074915524,153916.7930362274
2024-07-08,158.39878445000986,157.5787803536272,158.4366530611664,156.98028170030673,269647.22280080465
2024-07-09,160.1400053264958,160.4115810520104,161.07626952775036,160.04612578775058,203479.88205400918
2024-07-10,163.03146507160952,162.644276623275,163.14983460907234,161.85384267183275,214331.59363093157
2024-07-11,152.07428528828692,153.98296875096977,154.8054664695814,150.13193099242528,160948.83007398676
2024-07-12,154.99838399057285,155.65313238580276,155.81361637483857,154.57229208624332,148271.43608899243
2024-07-13,155.2797028466308,155.41836073562993,155.93427312174006,154.36691792275144,181519.63188022835
2024-07-14,156.64633396618038,156.61193819036725,157.75124947738968,155.5281844521044,185610.9091668114
2024-07-15,157.4528102326154,157.63265539885424,158.47920881488722,155.8587475769192,115709.8526180855
2024-07-16,159.4529280713767,159.7853060597317,160.3578758215785,157.73667960279482,115609.63820943936
2024-07-17,159.85609062966353,160.26865719439672,161.18059996153673,158.55603139625592,127371.72449941926
2024-07-18,159.81912461375194,160.1743094913046,160.61947197923863,159.13923396106406,159862.87230910442
2024-07-19,168.86007882038987,160.30217260895512,170.210959450953,158.3667561008735,357846.7697795288
2024-07-20,166.93545262283877,166.677514395327,167.1886290127904,165.85731289776106,114524.22033179356
2024-07-21,165.0796567435442,164.2904754945553,165.35185377990902,163.69017535941558,125245.8305340555
2024-07-22,164.15741336693145,164.29799326069121,164.48200261118888,163.31756385783288,79220.23588212316
2024-07-23,162.4537262266351,162.18266184910863,163.8729848377434,161.81255633848846,119724.62758852885
2024-07-24,160.02488160682563,159.82920790316658,160.08437514946317,159.6760902932145,133889.843079544
2024-07-25,159.48282864862753,159.54228900474078,160.00919381407675,158.27685733718315,107637.10552290239
2024-07-26,163.56763440573152,163.99677095941897,164.25304110066736,162.1436856851347,150467.371427444
2024-07-27,162.29210430145727,162.41852088875555,162.9436282724102,160.53234182436213,106798.47352217117
2024-07-28,164.24551037732724,164.2332190603233,165.23941385030446,162.57512833682966,124591.15955045016
2024-07-29,163.09583955797967,162.84237658481848,165.01641606750806,161.84184508823404,85398.29659188856
2024-07-30,162.36908546075227,163.099170077948,163.44133587314178,162.09649016438698,110307.30619777505
2024-07-31,164.3795036529159,165.00251937108294,166.5516977686445,163.428202189025,180294.51268027903
2024-08-01,163.59372323870264,163.0879714975534,163.68730951415753,162.59287012298887,217573.07416032927
2024-08-02,164.81184182309255,165.0801899717297,165.34113046108115,164.09167452492937,140255.05849474133
2024-08-03,161.85255496524425,161.2234944651055,162.5120809255894,159.12914703531752,218728.27717772225
2024-08-04,160.22506800512792,159.34087034803025,160.51543956930635,158.20265205274427,100638.03759129325
2024-08-05,161.4921525235395,161.08731286904904,161.81137191650734,160.88185499276733,223192.57219017818
2024-08-06,163.1932799057521,163.7562271830619,164.47531749498228,162.1876963653763,166917.27360157078
2024-08-07,163.94698511575044,164.57203302626132,164.90288011243018,162.85913087328078,175602.46676340923
2024-08-08,164.89769942349454,165.2361258450217,165.54956815818792,164.33973756323576,158435.7427190813
2024-08-09,165.0627407482368,165.5414859397653,166.00758546448694,164.25437841565636,148122.2061630143
2024-08-10,164.19798324159677,164.53700497654629,166.05295560501412,164.12099764153317,141579.7476939968
2024-08-11,162.2064350645623,161.79022529367973,162.9429710278297,160.95379947745755,147049.8111961575
2024-08-12,161.0601257359812,161.33838773339474,161.93127609997376,160.9257432242291,116892.32048352687
2024-08-13,161.31599871736535,161.83247416514533,162.8196682419823,159.78963014237488,191760.068590338
2024-08-14,162.4579786445681,162.94814122357064,163.1867759805357,161.67542722634388,102884.98189130469
2024-08-15,161.31042488068368,162.07756136507928,162.11578634101463,161.2388293163474,178223.13563964647
2024-08-16,160.1714400084377,160.62524019711654,160.75486166691815,160.09872319561384,143261.00550008926
2024-08-17,160.87150252726715,161.09765453209806,161.4203588774362,158.96754758459565,120949.66635409094
2024-08-18,161.0379531346423,161.7272923503424,163.1162387942571,159.69877316676292,109979.23515245387
2024-08-19,160.35631196190084,160.33930055661378,161.3971206990171,159.8529056041843,159593.4580242761
2024-08-20,158.48471948166284,157.9256648547916,159.73251962627944,156.5146497887312,163214.24213881197
2024-08-21,158.50115412295082,158.39776891501316,159.09274699140337,156.2390134837479,166574.69863251442
2024-08-22,158.80985108382842,158.33665957145377,160.07613729928295,157.95247394869625,190924.21289921532
2024-08-23,159.0001204870059,158.57070677872136,159.3691360953758,158.103148884823,137117.8337662424
2024-08-24,159.18687749064463,159.09485558692342,160.22889609437723,158.5509799364374,166298.94087109165
2024-08-25,159.28550957503546,158.7806255313799,161.20866271511284,158.59439326168396,151217.75073611646
2024-08-26,158.48311954966735,158.2878927339934,159.4565636439462,158.1940167423272,130112.97247347156
2024-08-27,156.83999322350772,155.65201517737586,157.07460257421377,155.24485248971533,202487.30229560818
2024-08-28,155.38735734103818,155.5199299231428,156.49512244066167,153.02648317712132,129212.84406612278
2024-08-29,154.56526862235515,154.56601392084787,154.70038232981236,153.93272309865128,176847.73130833323
2024-08-30,154.2513290084047,153.747180979365,154.273451465569,153.6307839974255,187432.262180212
2024-08-31,153.48314025931205,153.88787264088546,154.2123429757837,153.27826338459369,158369.82486671407
2024-09-01,152.52072379540033,153.09271929939936,154.52880251435505,150.6475903737968,214354.47383320166
2024-09-02,151.1356056925649,150.16376755741103,151.87776796542468,149.55566374672551,159294.62130681082
2024-09-03,151.9361379496834,151.4725961209879,153.33307015372142,151.1062663220016,162413.97292354493
2024-09-04,151.75379275903015,151.28691168402287,152.20893041888075,149.47913599275483,146105.37900799722
2024-09-05,151.84636652540507,151.2754830422477,153.12124387520652,150.52026018737615,145589.93995114535
2024-09-06,153.04302146555895,153.55080280971455,153.88951987426208,152.537873635229,216315.69004774053
2024-09-07,152.41403132354955,152.29586403080458,154.33447235905453,152.1615158474292,108905.91061262766
2024-09-08,152.34809286552803,152.18689953909484,152.91986258614588,151.41920689406942,227391.28012962954
2024-09-09,151.42368338396435,150.20995450311247,152.2279534547742,150.02267047206144,199173.50416332204
2024-09-10,153.47692436085606,153.86701238069585,154.41387662766843,152.28659538506517,133392.35274876017
2024-09-11,154.19970405587839,153.4353309449377,154.3140101647972,152.94541018732622,198851.89869385614
2024-09-12,153.7847507666934,153.8216176651266,155.6251676109174,153.2243396658619,143892.58919692916
2024-09-13,153.12673366995503,153.2966289679747,153.7618045572248,153.0557860314015,119557.298079214
2024-09-14,152.3876006158758,153.2169906105847,154.19044641352585,151.9982408556193,113281.7919971323
2024-09-15,152.4685007777869,151.6702852416226,153.8239427635716,151.2897089239113,126900.80306824076
2024-09-16,162.57221366431125,150.94365037094556,163.87279137362574,149.33518418739894,227310.8873505606
2024-09-17,160.70778973378376,160.48124890727084,162.30520584896686,159.67716356692912,122504.10819378741
2024-09-18,158.5728253192644,158.68275948135914,159.6082133778396,157.6237992108559,112855.18796679901
2024-09-19,157.74510853323548,157.78425226440473,158.5886318903304,157.50561971725597,79597.53860748468
2024-09-20,156.7952077045441,157.26811697519395,157.42498506600964,155.2262238929959,113799.39919668695
2024-09-21,153.1053301381066,153.2144074920203,154.0799428417499,153.05010036815986,103828.84936918816
2024-09-22,152.47849070168888,152.63306652073118,152.71053129063424,151.97471141845304,106596.11321966063
2024-09-23,155.02439229373212,154.4206986618159,156.5917021811104,153.17338793083974,122379.79220761902
2024-09-24,155.2676252825754,155.5634770411068,156.08885926371846,154.78109358623465,107588.5650928506
2024-09-25,155.17415400895695,155.48789762625876,156.3087005310234,155.0829905157688,122882.7707560563
2024-09-26,154.3315180778492,154.98601329587112,156.83381337513646,152.22726827701294,187082.7952563131
2024-09-27,155.68109022256232,157.3995977565676,157.90104539098388,154.85065261189314,168274.14362721532
2024-09-28,154.41031490495521,154.65268719721843,154.9636669478553,153.8787625646217,140507.74650915596
2024-09-29,155.90603214493024,155.58863014736963,156.22626734550045,154.39715941244822,154251.50740919713
2024-09-30,158.72922759290827,158.71299002962644,160.20937169172143,157.48616310535294,161799.53518183116
2024-10-01,158.9996865326963,157.87455647537664,159.81437800816585,157.5972825138769,140726.50607392495
2024-10-02,159.19993561843503,158.7575424754644,159.5962149841226,158.61892694904975,145425.90490858367
2024-10-03,160.08966603046133,159.82757847514267,160.53467226683546,159.23865614042933,178701.06950383753
2024-10-04,159.1864786778518,158.8527675315193,159.2280403590849,158.71839457947465,110063.01139326666
2024-10-05,157.02303223012782,157.1187251260549,157.64489013983663,155.5263261261848,165239.73980737632
2024-10-06,155.73899230271917,155.22666089664366,158.10269912753495,154.57899087202142,85413.28221142551
2024-10-07,156.24528662815632,156.94590965989659,157.2252176247503,155.17562341824743,224789.9855229837
2024-10-08,156.27800153430843,156.27813097307487,156.50441101878445,156.17344327435242,175154.72323354924
2024-10-09,156.4161967645655,156.41037788112075,157.4964202368588,155.65494721241004,147033.3104042657
2024-10-10,157.55908854415082,157.35243737346195,157.92430104317728,156.9864042125637,141291.76367434047
2024-10-11,157.9199593210371,158.0179901469652,158.21185093526395,157.52805030649245,159650.9341858804
2024-10-12,157.15825077666545,157.67693477664156,159.3377229397532,156.70785511114596,179761.2704860957
2024-10-13,166.1533857961747,156.44378187808908,167.4826128825441,155.2656331319262,280120.8194734723
2024-10-14,168.54390911468548,168.46560209972708,168.56362974963088,168.28347275061853,159959.74871014955
2024-10-15,170.0705385880393,170.65036041740498,172.2823008481704,169.814009566119,194644.35913087608
2024-10-16,172.06846641526147,171.51934887445725,172.59184238916467,171.43239814510952,213513.23108231815
2024-10-17,173.65350761372218,173.4416848001842,174.74779524583255,173.4217106912179,226892.88566881118
2024-10-18,176.20115423439773,175.96356792458667,177.03109319306586,175.81394354920513,216754.60194772267
2024-10-19,177.7702565274872,177.20823557088892,177.8137049390148,176.81691867317787,143838.38693834379
2024-10-20,159.62150640520446,159.78914814464062,160.87310851213422,159.6034828547922,140843.25886935997
2024-10-21,158.9300917626133,159.05316081212513,159.64742594273227,157.81282496501382,144390.86091043663
2024-10-22,159.03807167248982,159.5793723568628,160.18213197244395,157.41996469302202,165890.78263070193
2024-10-23,158.9934731388189,158.90610826782324,159.76075887559068,157.09716369134165,164595.04931478607
2024-10-24,159.11084243659104,159.35935120144728,160.21545076469343,158.96125240995605,90736.00300938386
2024-10-25,158.02363996400854,157.9583940555211,158.622465234106,156.9883425145883,145677.37332835153
2024-10-26,156.6120062725992,156.77824199231392,157.01638679803287,156.44729418786775,167997.86189988613
2024-10-27,158.48890727141162,158.11946414002037,159.26899982828516,156.851290279436,186562.85555091948
2024-10-28,158.27277582629537,156.72878238080253,158.30469554980516,156.34151492976073,194721.78410549858
2024-10-29,158.4911767749379,158.40604852521287,158.92361130869565,158.280659397775,139887.42086645882
2024-10-30,157.79509357868878,158.69310427978795,159.1848272197717,157.36474117979816,140925.90940535616
2024-10-31,157.3692813964393,157.9523128055156,158.13850691296437,157.16282554156973,155112.48667126463
2024-11-01,157.60197017369913,158.21056435598834,158.4059791764138,157.51554167168047,150091.38060460243
2024-11-02,158.16629597739475,158.94835284784259,159.66035723856922,158.08954246280518,185719.38824359025
2024-11-03,159.34576093992433,159.40226978510373,159.57133900214384,159.29579792632097,105453.0609465029
2024-11-04,156.32105557804198,156.44443397669707,157.8980702559672,155.32628615685877,178029.59733717822
2024-11-05,154.72080113994346,154.33854675559462,155.17675134738775,153.67456737285443,143257.0379432195
2024-11-06,153.35666550867222,153.16277799163979,153.6187908431621,151.98227502344602,95940.58687259941
2024-11-07,154.04642078251797,154.42585014909147,154.66321480551196,153.14264686883007,172774.6548090794
2024-11-08,153.3946083016459,154.1332858283657,154.356622597473,151.45663897445496,72268.7312356527
2024-11-09,152.7791149637429,152.69389704940878,152.83573264248932,151.63701981869102,161754.1201620764
2024-11-10,151.04442108121393,150.7724267736681,151.47892288046359,149.5182871957789,155500.79759337468
2024-11-11,151.06604926220632,151.06636828884086,151.85902899921555,150.79215389757113,167378.74498803265
2024-11-12,151.2495457043033,151.61327469490286,152.2043528978549,148.8872058926639,120807.93177355334
2024-11-13,152.72543150630068,151.8433781069949,153.827987725269,151.51420240934578,145244.1128091909
2024-11-14,152.73266605888875,151.32985870398358,153.68759138629068,151.27158082363036,122001.96122780412
2024-11-15,152.24072735745892,151.9054708358442,152.6857601200193,150.9843784452992,123455.91857919298
2024-11-16,152.0731920855508,151.33064154464176,152.39429887453068,150.86283156421814,201351.2544042703
2024-11-17,150.46691071403316,150.16107757103472,151.16206429008932,148.78242301130265,101593.15806369777
2024-11-18,152.2723151070255,152.18230370193115,153.45649121771024,151.57516281781275,143720.289685444
2024-11-19,151.5094278206336,151.23474219218681,151.9240674541597,150.3957848993181,181197.14062188228
2024-11-20,150.82268917294934,151.69894941089046,151.8640827768892,149.3769639550762,204780.29140640807
2024-11-21,151.67620021855646,151.8744378359012,152.41665642961863,151.37859575371218,135362.65775562893
2024-11-22,154.30497007447505,154.49042882274665,155.007127981809,154.10734542277586,131828.55230989985
2024-11-23,155.23548452088622,155.621839030798,156.00746791438405,154.77331819327094,158978.77741219476
2024-11-24,156.83757406816477,156.1231267743199,157.70962075608088,155.62167486043623,196845.33590180558
2024-11-25,156.9159790470437,157.5681920208932,157.59791490030074,156.43440430714338,127397.4638896145
2024-11-26,157.50794561857063,157.4602117100768,158.30975112562282,155.63195312103983,129668.53890743681
2024-11-27,159.96401031560256,160.39302138909372,160.94457559874098,159.1813054318026,154096.05993248214
2024-11-28,159.56562445402804,158.88149817916556,161.27540186589,158.8356559346261,155540.40917594725
2024-11-29,157.98907290659238,157.0071652787389,158.3299782578352,156.83462966106165,120851.57884468045
2024-11-30,159.4695695961257,159.9912836430952,160.28033094136507,159.1282985289607,130293.17163085812
